,Tweets,User,User_statuses_count,User_location,rt_count,tweet_date,User_language,User_Method;
"0,""RT @rikoamour: Masks with one-way valves or vents allow air to be exhaled through a hole in the material, which can result in expelled resp…"",🌧milo🌧,2978,""Seattle, WA"",4629,2020-08-09 15:11:04,en,Twitter for Android";
"1,""RT @Amy_Siskind: Sigh:";
"“The Paulding County high school that became infamous for hallways crowded with unmasked students reported a half-do…"",Tina Young🌊🌊🇺🇸🇺🇸🌊🌊,9549,Illinois river rat,145,2020-08-09 15:11:04,en,Twitter for iPhone";
"2,""RT @RBReich: Since the start of the pandemic, Big Pharma has raised prices on over 250 prescription drugs, 61 of which are being used to tr…"",Deirdre🍉,32552,""Colorado Springs, CO"",1190,2020-08-09 15:11:04,en,Twitter for Android";
"3,""RT @MercilessMord: “In Denmark, the average class sizes were around 20 students prior to Covid-19, but now they are dividing classes into t…"",Jessie Donner,13487,""Sarnia, Ontario"",6,2020-08-09 15:11:03,en,Twitter for Android";
"4,""RT @mmpadellan: It should sicken EVERY American that on the same day America reached 5 million COVID-19 cases, trump held a press briefing…"",Mike Billy,2122,,14563,2020-08-09 15:11:03,en,Twitter for Android";
5,RT @Postsemreh: COVID-19 Gets to Azeroth. #Warcraft https://t.co/5qTwaLNlr8,Klayre,881,Under the bridge,56,2020-08-09 15:11:03,en,Twitter Web App;
"6,""RT @jenheemstra: Vaccines usually take over 10 years to develop, test, and mass produce. But, scientists predict we could have an effective…"",Mekz,2754,""3.1333° N, 101.6833° E"",139,2020-08-09 15:11:03,en,Twitter for iPhone";
7,RT @tylerwhat16: Premier Ford tried to blame his half-baked back-to-school plan on experts from Sick Kids saying it was their plan despite…,Brian MacDonald,11141,Toronto Ontario,106,2020-08-09 15:11:03,en,Twitter Web App;
8,RT @MestekMachinery: Staying updated is one of the best ways to stay safe during COVID-19. Visit this page for sheet metal and air conditio…,Paul Williams,4356,Chicago,1,2020-08-09 15:11:03,en,Twitter for iPhone;
"9,RT @TheKingofReads: Covid-19 has taught me that we don't care about health as much as we claim.,FULL METAL BAD BITCH🤖,39328,""Minneapolis, MN"",2451,2020-08-09 15:11:03,en,Twitter for iPhone";
10,@ZeroSuitCamus Covid 19,Pat McG,4671,,0,2020-08-09 15:11:03,en,Twitter for iPhone;
"11,""RT @JensRagnarok: 100 days of no community transmission, every one entering the country quarentined and tested at the border, currently sit…"",Cly321,7093,,3105,2020-08-09 15:11:03,en,Twitter for Android";
"12,""RT @B52Malmet: When your war is against #SocialSecurity and not a pathogen, your name is Trump-tainted forever as America has the terrible…"",Rere,55686,,77,2020-08-09 15:11:02,en,Twitter for Android";
13,@davidicke Must be the cause of the whole crash 🤔 Covid-19 is on a completely different level now. Next we see mask… https://t.co/6ySe7RQr2s,Anita Viherpuro,5337,,0,2020-08-09 15:11:02,en,Twitter for Android;
14,RT @Frank_Schaeffer: Trump Is Using COVID-19 As A Cover To Gut Social Security And Medicare. Trump Is Using COVID-19 As A Cover To Gut Soci…,Chauncey,107310,A swamp in Virginia,54,2020-08-09 15:11:02,en,Twitter for iPhone;
"15,RT @JoeBiden: The United States just passed 5 million reported infections of COVID-19. It’s a number that boggles the mind and breaks the h…,ElleGetTheFOutOfMyWHTrump🌊🌊,23346,""California, USA"",16922,2020-08-09 15:11:02,en,Twitter for iPhone";
"16,""RT @ShashiTharoor: Record levels of unemployment, record levels of violence and record levels of COVID 19 cases. Our country needs vision,…"",Cookie_monster3,165,,2196,2020-08-09 15:11:02,en,Twitter Web App";
"17,""RT @JoeBiden: Donald Trump has refused to take serious action to combat the COVID-19 crisis. And as a result, he got what he’s always wante…"",Noah Klein,5014,,14386,2020-08-09 15:11:02,en,Twitter for Android";
18,RT @MarketWatch: U.S. COVID-19 infections now exceed 5 million https://t.co/JVlzP25eCp,evening breeze,86220,indonesia,6,2020-08-09 15:11:02,en,Twitter for Android;
"19,""@BryanLammon MOVE TO SAMPSON ONWUKA manual., for COVID 19. #FinalDecisionsforCovid19 featuring #NIH #CDC as upon… https://t.co/4HrAmpJKZN"",Sampson Iro Onwuka,8643,""New York, New York"",0,2020-08-09 15:11:02,en,Twitter Web App";
"20,RT @GovEvers: COVID-19 doesn’t take a break on the weekends. Continue to follow best practices so you can enjoy the weekend safely. #MaskUp…,Melisa Arndt for Assembly,11,""Rio, Wisconsin"",26,2020-08-09 15:11:02,en,Twitter for iPhone";
"21,""RT @kerpen: COVID science rejects reality when reality is in conflict with models.";
"https://t.co/ULrVQZCW4c"",Chris,3422,""Yonkers, NY"",10,2020-08-09 15:11:01,en,Twitter Web App";
"22,RT @ESPNNFL: Vikings LB Cameron Smith said he will miss the 2020 NFL season due to a congenital heart condition he only discovered after te…,HouseofSports1,366770,""Michigan, USA"",80,2020-08-09 15:11:01,en,Twitter for iPhone";
"23,""RT @MsAvaArmstrong: You know what’s worse than Covid-19?";
"Biden 2020"",Antique Time 🇺🇸,117807,""Medford, Oregon, USA"",290,2020-08-09 15:11:01,en,Twitter for iPad";
24,RT @bennydiego: It seems that countries that have female leadership are doing better than a country with an orange narcissistic racist gree…,Loper,140469,,2,2020-08-09 15:11:01,en,Twitter Web App;
"25,Qatar Airways recently became the first airline to require that passengers wear a face shield in addition to a face… https://t.co/mG148JpkuV,AFAR Media,51296,""San Francisco, California"",0,2020-08-09 15:11:01,en,Sprout Social";
"26,""RT @pbhushan1: Union Minister Meghwal, who had recently endorsed a brand of 'papad' claiming that eating it would help fight coronavirus, o…"",syed_jaaam,1282,Chennai,886,2020-08-09 15:11:01,en,Twitter for Android";
"27,""While some state officials are understandably keen on the idea of a federal bailout, many others say it would be a… https://t.co/jgkkrawF2m"",reason,80703,""Washington, DC and Los Angeles"",0,2020-08-09 15:11:01,en,Buffer";
"28,""RT @tpmugadza: Saw two medical sites this morning that provide Covid 19 testing. There are designated """"Covid 19 tents"""" away from the main f…"",Adolphus Chinomwe,15955,""Harare, Zimbabwe"",1,2020-08-09 15:11:01,en,Twitter for iPhone";
29,RT @ItsJamieLee9: Anyone want to aide a Black Trans Women in getting her books for graduate school that starts Monday? I don’t know why the…,Danny,10240,New Donk City,83,2020-08-09 15:11:01,en,Twitter for Android;
30,The only sensible and right move. Government has to take a lead and make sure that any boss closing a meat plant ca… https://t.co/ZtXeyCbasc,Paddy Cole,33232,,0,2020-08-09 15:11:01,en,Twitter for iPhone;
"31,""RT @IngrahamAngle: We also outperformed Canada, and this article makes clear that the difference is related to our attitude toward lockdown…"",Eric Martin,88483,,112,2020-08-09 15:11:01,en,Twitter for Android";
32,RT @GlenWoodfin: Another Democrat defies the Democrat party &amp;" the lying liberal media and says HCQ saved his life. https://t.co/wOYsjNZlq7,Glenn H. Thompson,486288,""Alaska, USA"",11,2020-08-09 15:11:00,en,Twitter for Android"
"33,How bad is COVID-19 where your child goes to college? Here’s where to look https://t.co/bbDqy9ET2B,Los Angeles Times,297931,""El Segundo, CA"",0,2020-08-09 15:11:00,en,Buffer";
"34,""RT @shashank_mehta7: Students have to study for selection, struggle for success ..";
"If gets infected with COVID-19 during exam, then student…"",Bibhav Binay,154,,99,2020-08-09 15:11:00,en,Twitter for Android";
"35,""RT @Kalpana61581867: Why discrimination with parents.We are also victim of COVID-19 Epidemic. Our income is badly effected.";
;
"#NoSchoolNoFee…"",Nishant Vashishth,1876,,12,2020-08-09 15:11:00,en,Twitter for Android";
"36,""RT @JoeBiden: Donald Trump has refused to take serious action to combat the COVID-19 crisis. And as a result, he got what he’s always wante…"",JimDraven,3231,,14386,2020-08-09 15:11:00,en,Twitter for Android";
37,RT @DrDenaGrayson: 🚨BREAKING: At least 6 students and 3 staff members who last week attended the Paulding County #Georgia high school—infam…,LindyLoo,277905,,1620,2020-08-09 15:11:00,en,Twitter for iPhone;
38,It’s our rights to vote and the government’s responsibility to make it happen in a safe environment amid the COVID-… https://t.co/7SMr1fEPjK,😷Michele Chung 😷,1281,Hong Kong,0,2020-08-09 15:11:00,en,Twitter for iPhone;
"39,""RT @mmpadellan: So let's see...";
;
You're down in the polls, Seniors and everyone else are dying of COVID-19 and worried about money...;
;
"...a…"",Danielle H.❄📚✍🏽🎨🖌️📺,168010,""St Paul, MN"",4156,2020-08-09 15:11:00,en,Twitter for Android";
"40,""CNews JUST IN: Senator Buruji Kashamu is laid to rest - The remains of Senator Buruju Kashamu, have been buried at… https://t.co/02WZTY7DsE"",ireportnews,25998,Lagos,0,2020-08-09 15:10:59,en,Correctnewsng";
"41,""RT @Feminazibabe: My loved 80-year-old mom, succumbed to COVID-19 tonight. I am heartbroken and shredded. For those of you who refuse to we…"",Patricia Hernandez,42228,Orange County CA,345,2020-08-09 15:10:59,en,Twitter for iPhone";
"42,""RT @DrPramodPSawant: It is unfortunate to learn from media reports that Madkai MLA Shri Sudin Dhavlikar, a senior legislator, has led a pro…"",Dhananjay Shenoi | धनंजय शेनॉय 🇮🇳 🚩,19510,""Kerala,Bharat"",1,2020-08-09 15:10:59,en,Twitter for Android";
43,@eezyian @TfL ?? - sorry at 2m social distancing TFL has 20% of normal (pre Covid-19) capacity,Guy Stallard,177213,,0,2020-08-09 15:10:59,en,Twitter for iPhone;
"44,""RT @ultralite001: @AP Covid-19 -- Confirmed Cases -- 08/09/2020...";
;
Coronavirus cases worldwide: Currently 19,854,324;
"Coronavirus cases USA…"",kaheina3009,9795,,1,2020-08-09 15:10:59,en,Twitter for iPad";
"45,""RT @LincolnsBible: If we’re to follow donald’s story, he told us clearly that he shut our borders early. This is his great accomplishment i…"",Lauren Jaffke,155327,""Rockford, IL"",63,2020-08-09 15:10:59,en,Twitter for Android";
46,RT @ESPNNFL: Vikings LB Cameron Smith said he will miss the 2020 NFL season due to a congenital heart condition he only discovered after te…,jose de la rosa,54531,Bogotá,79,2020-08-09 15:10:59,en,Twitter for Android;
"47,RT @DrDenaGrayson: 🚨BREAKING: At least 6 students and 3 staff members who last week attended the Paulding County #Georgia high school—infam…,Craig Machen,6369,""Redondo Beach, America"",1620,2020-08-09 15:10:58,en,Twitter Web App";
"48,""RT @ShashiTharoor: Record levels of unemployment, record levels of violence and record levels of COVID 19 cases. Our country needs vision,…"",CSK,5429,""Andhra Pradesh, India"",2196,2020-08-09 15:10:58,en,Twitter for Android";
"49,""RT @DW_GMF: The founder of the INK Centre for #Investigative #Journalism, Ntibinyane Ntibinyane says that #African local #news outlets need…"",Arindam Panda,79347,""Kanthi, India"",30,2020-08-09 15:10:58,en,Twitter for Android";
"50,""RT @MiamiHerald: BREAKING UPDATE: Florida’s Department of Health on Sunday confirmed 6,229 additional cases of COVID-19, pushing the state’…"",Resistaca,227099,SC,19,2020-08-09 15:10:58,en,Twitter for Android";
"51,""RT @Feminazibabe: My loved 80-year-old mom, succumbed to COVID-19 tonight. I am heartbroken and shredded. For those of you who refuse to we…"",Mark Johnson,20125,,345,2020-08-09 15:10:58,en,Twitter for iPhone";
"52,""RT @axios: BREAKING: New Zealand has now gone 100 days with no detected community spread of COVID-19, the Ministry of Health just confirmed…"",daddy...chill,31778,Fuck 12,18110,2020-08-09 15:10:58,en,Twitter for iPhone";
"53,""RT @CP24: #BREAKING: Ontario reports 79 new COVID-19 cases on Sunday, marking a full week where new cases came in below 100 per day";
"https:/…"",Theresa 🇨🇦HoTo,1096,,143,2020-08-09 15:10:58,en,Twitter for Android";
"54,""RT @UNDP_REDDPlus: Now reading: @unredd Round Up Special Edition on #IndigenousPeoplesDay, highlighting efforts and experiences supporting…"",Henri Yambene,24627,""Yaounde, Cameroon"",5,2020-08-09 15:10:58,en,Twitter for Android";
55,RT @spunkkee: Don’t sign any Covid 19 waivers! Fully fund and protect USPS! Voter apathy/complacency made GOP travesty real! Oust trump reg…,MARDUK Shoemaker,107156,Dundalk Maryland USA,4,2020-08-09 15:10:57,en,Twitter for Android;
56,Wee Nippy is on record stating that there have been no Covid-19 related deaths in the last 3 wks when actually there has been 21 !!!!! Liar,Jim Reid,2150,Bannockburn,0,2020-08-09 15:10:57,en,Twitter for iPhone;
"57,Trump is panicking! Don’t sign any Covid 19 waivers! Fully fund and protect USPS! Voter apathy/complacency made Thi… https://t.co/Xj8XDd0DPe,Patric D 🆘 🇺🇸 🇨🇦,93121,""New Jersey, USA"",0,2020-08-09 15:10:57,en,Twitter for iPhone";
"58,""RT @BrianEntin: -6,229 new reported Florida COVID-19 cases overnight, 77 new deaths reported: ";
"-532,806 total cases (up from 526,577 yester…"",sunshine laughing,81915,Native of California,26,2020-08-09 15:10:57,en,Twitter for iPad";
"59,""Karnataka: Coastal districts record 414 new cases, Udupi takes a break from Covid-19 deaths https://t.co/T69YjPTRbG"",TOI Mangaluru,3992,,0,2020-08-09 15:10:57,en,cmssocialservice";
60,RT @jakejakeny: It’s been 3 mo. since we learned PA’s Health Sec saved her mother from dying in a nursing home while simultaneously locking…,BTJ,30938,United States,124,2020-08-09 15:10:57,en,Twitter for iPhone;
"61,RT @nytimes: New Zealand on Sunday marked 100 days without any new reported cases of local transmission of the coronavirus. Public life has…,Kim Bremault,3566,""Edmonton, Alberta"",685,2020-08-09 15:10:57,en,Twitter for iPhone";
"62,""RT @gatewaypundit: This Is Disturbing: Killer Cuomo Helps Set Up COVID-19 Testing Centers in Florida, Texas and Georgia https://t.co/O8oCSA…"",♠️RICOCHET EndNow💖🇺🇸🌏🌄🌞❤___?___🚫🥷📢📰😰🚫,3342,Calif😫,427,2020-08-09 15:10:57,en,Twitter Web App";
"63,""RT @brookgeerecords: Our artists @Nadisko have had an in-depth interview about their latest release with us on magazine giant, @weraveyou…"",We Rave You,16382,,3,2020-08-09 15:10:56,en,Twitter for Android";
"64,""RT @MedicVet68: 7AM PDT, COVID-19 REPORT, GLOBAL 19.666 MIL.CASES, USA  5.087 MIL. CASES +71,234, FATAL 164,245 CASES+1415 IN LAST 24 HRS.…"",MEPHS,55730,""SLC, Ut."",10,2020-08-09 15:10:56,en,Twitter for iPad";
"65,""RT @blogsvoxpopuli: Patanjali Ayurved was fined Rs 10 lakh by the Madras High Court for chasing profits by claiming Covid-19 'cure'";
"#Patanj…"",Aayushi Pandey,120,New Delhi,4,2020-08-09 15:10:56,en,Twitter Web App";
"66,""@MollyNagle3 @JoeBiden @AnnieLinskey we just passed 5 million covid-19 cases, but you do you, useless  media."",Tzippy Shmilovitz 🤦‍♀️,38468,👩‍💻,0,2020-08-09 15:10:56,en,Twitter Web App";
67,RT @CTVNews: Europeans view American response to COVID-19 with astonishment and alarm https://t.co/ilmbRIm7Pv,Sonja Stuut 🇨🇦,2889,,65,2020-08-09 15:10:56,en,Twitter Web App;
"68,""RT @SiMarcoJoseAko: I can’t wait the moment to hear or read: ";
;
"BREAKING NEWS: Last COVID-19 patient has been cured! The world is now COVID-…"",Ayesha,8027,H,67,2020-08-09 15:10:56,en,Twitter for Android";
"69,""RT @joncoopertweets: “At this time, we know there were six students and three staff members who were in school for at least some time last…"",jan schachern,17973,,159,2020-08-09 15:10:56,en,Twitter for iPhone";
70,RT @ClarkeMicah: Can people not see that Covid-19 is now the pretext for the abolition of liberty and a huge increase in the power of the s…,🔱 Albert Clutterbuck 🔱,54095,,914,2020-08-09 15:10:56,en,Twitter for iPad;
"71,RT @jakejakeny: It’s been 3 mo. since we learned PA’s Health Sec saved her mother from dying in a nursing home while simultaneously locking…,🇺🇸 I_Stand_For_ALL_Lives,9439,""Pennsylvania, USA"",124,2020-08-09 15:10:56,en,Twitter for Android";
"72,""RT @AP: BREAKING: The U.S. has passed 5 million confirmed coronavirus infections, the most in the world. America's failure to contain COVID…"",J😷E,143841,""Minneapolis, MN"",989,2020-08-09 15:10:55,en,Twitter for iPhone";
"73,""RT @mmpadellan: So let's see...";
;
You're down in the polls, Seniors and everyone else are dying of COVID-19 and worried about money...;
;
"...a…"",Gene Robb,15069,,4156,2020-08-09 15:10:55,en,Twitter for Android";
"74,@DMKanpur please upload todays covid-19 update,Prakhar Asthana,127,""New Delhi, India"",0,2020-08-09 15:10:55,en,Twitter for iPhone";
75,RT @DeptofDefense: Conducting refueling missions is integral to national defense. Find out how air crews are keeping themselves safe in clo…,Imran Dev,46384,Pakistan,73,2020-08-09 15:10:55,en,Twitter for iPhone;
"76,""""""New Zealand has gone 100 days without community transmission of COVID-19 — here's how they did it""""  https://t.co/6S8k4D6kR5"",Pajama Daze,118905,,0,2020-08-09 15:10:55,en,Twitter for Android";
"77,""RT @LeticiaMcGrath: When the Statesboro Herald asked, “Have any (Bulloch County) school system administrators, teachers or staff tested pos…"",⚧🐾⚧,63430,Earth...mostly,7,2020-08-09 15:10:55,en,Twitter for Android";
78,RT @ImlahKieran: 6 months in the biggest pandemic in history (😂😂) I don't know a single person who has had let alone died from covid-19. We…,Rose Salvhus,81800,,586,2020-08-09 15:10:55,en,Twitter for Android;
"79,""RT @mmpadellan: It should sicken EVERY American that on the same day America reached 5 million COVID-19 cases, trump held a press briefing…"",girlinphilly 🌊🏳️‍🌈♀️ #ETTD,17076,""Philadelphia, PA"",14563,2020-08-09 15:10:55,en,Twitter for Android";
"80,""RT @AP: BREAKING: The U.S. has passed 5 million confirmed coronavirus infections, the most in the world. America's failure to contain COVID…"",Jody Howard,18272,""Nashville, TN"",989,2020-08-09 15:10:55,en,Twitter for iPhone";
"81,""RT @BJP4India: Assisting farmers during COVID-19 pandemic.";
;
• Special cargo trains and flights arranged for movements of seed.;
;
"• Postal De…"",Chandrashekhar Bawankule,6214,Nagpur & Mumbai Maharashtra,196,2020-08-09 15:10:55,en,Twitter for iPhone";
82,Officially first dine out after #COVID__19 #LoafNLeaf https://t.co/NCvxTNr3Sz,Maximus,67261,Definitely somewhere in Pak,0,2020-08-09 15:10:54,en,Twitter for iPhone;
"83,""RT @CBSNews: 97,000 children reportedly test positive for coronavirus in two weeks as schools gear up for instruction.  https://t.co/IczuZv…"",Steven Davis,18010,""Lindstrom, MN"",410,2020-08-09 15:10:54,en,Twitter for iPhone";
84,RT @DrDenaGrayson: 🚨BREAKING: At least 6 students and 3 staff members who last week attended the Paulding County #Georgia high school—infam…,SiBernadette 🧢🌊🌊,10645,OK  / CO / GU,1620,2020-08-09 15:10:54,en,Twitter for Android;
"85,RT @MarcherLord1: ‘Cause of death: Covid-19’,⭐️ FLOTUS ⭐️ #KBF,24615,""Glasgow, Scotland"",378,2020-08-09 15:10:54,en,Twitter for iPhone";
"86,""""""New Zealand has gone 100 days without community transmission of COVID-19 — here's how they did it""""  https://t.co/OtrO0mulMb"",Richard Fossey,10063,Calgary AB Canada,0,2020-08-09 15:10:54,en,Twitter for Android";
"87,""Knox County reports 1 new COVID-19 related death, 2,233 active cases. See all the new numbers released today. https://t.co/D5fDHuwKoU"",knoxnews,144446,""Knoxville, TN"",0,2020-08-09 15:10:54,en,Presto  App";
88,RT @JoeBiden: The United States just passed 5 million reported infections of COVID-19. It’s a number that boggles the mind and breaks the h…,ExDGirl,8164,,16922,2020-08-09 15:10:54,en,Twitter for iPhone;
89,RT @richardgoatcher: B.C. is no longer a model for COVID-19 prevention — and getting back to that stage is not guaranteed | CBC News https:…,degenhardtdon@gmail.com,85991,,2,2020-08-09 15:10:54,en,Twitter for Android;
90,RT @AskAnshul: Anti CAA protester of Shaheen Bagh Aiman Rizwi has urged Muslims to pray for Home Minister Amit Shah's death due to Covid-19…,Kiran Pawar,3596,,6283,2020-08-09 15:10:54,en,Twitter for Android;
91,A savage journey to the heart of the American dream. https://t.co/fanSscv4Sr via @RollingStone,Jason,2196,,0,2020-08-09 15:10:54,en,Twitter for Android;
92,RT @DrIanWeissman: 'Feels like the world is against you': Young people struggle with finding mental health support amid COVID pandemic. @Lo…,Family Councils Collaborative Alliance,10396,,4,2020-08-09 15:10:54,en,Twitter for iPhone;
93,‘Murica: “the doctor who did not want to be identified because the CORPORATION that OWNS the HOSPITAL did not give… https://t.co/dbTBhgw43S,Jarry Barclay,26519,,0,2020-08-09 15:10:54,en,Twitter for iPhone;
"94,""RT @theindependent: With COVID-19 causing stresses, Grand Island school administrators say mental health and self-care for teachers is a pr…"",Austin Koeller,6240,""Grand Island, NE"",2,2020-08-09 15:10:54,en,Twitter for iPhone";
95,RT @WSJ: New studies and reports of outbreaks have persuaded many researchers that children aren’t as immune to Covid-19 as initially thoug…,Pamela Romero,7224,México,174,2020-08-09 15:10:53,en,Twitter for iPhone;
"96,Lake Boca’s party-happy boaters are raising COVID-19 concerns  https://t.co/GwhG8oYfUK,Matt Cardella,23567,""Delray Beach, FL"",0,2020-08-09 15:10:53,en,Twitter Web App";
"97,""RT @dhanyarajendran: So many disasters in the last three days. Sometimes I feel we don't have time to pause and process. All these people,…"",Ramesh Radhakrishnan,61757,,29,2020-08-09 15:10:53,en,Twitter for Android";
98,RT @danyajilll: Shouldn’t have taken life for granted. COVID-19 really showed me the importance of enjoying the simple things in life,Lily,3976,,4,2020-08-09 15:10:53,en,Twitter for iPhone;
"99,""RT @DWUhlfelderLaw: 179 new COVID-19 related deaths overnight in Florida and 6,248 new cases"",Mary Anne Crevasse,30157,""Florida, USA"",125,2020-08-09 15:10:53,en,Twitter for iPad";
