,Tweets,User,User_statuses_count,User_location,rt_count,tweet_date,User_language,User_method
0,"RT @NathanMackBrown: How did New Zealand go 100 days without any new cases of COVID-19?

1) They put a woman in charge of their country.

2…",Zach🥺👉🏻👈🏻,2323,,351,2020-08-09 20:23:47,en,Twitter Web App
1,RT @BTSVSOUTHAFRICA: Winter bear anniversary support part (2) @BTSVSOUTHAFRICA made a donation to Compassion CBO-Kenya's COVID-19 @GlobalGi…,joan ☀️,947,,80,2020-08-09 20:23:47,en,Twitter for Android
2,RT @kmbc: New Zealand marks 100 days since it stamped out COVID-19 https://t.co/Vty7cdRBya,IamBob,19334,,2,2020-08-09 20:23:47,en,Twitter Web App
3,"RT @mmpadellan: FUN FACT: New Zealand has gone 100 days without any new cases of COVID-19.

That's what happens when you have a smart, stro…",gus cortes jr,634,Los Angeles,8203,2020-08-09 20:23:47,en,Twitter for iPhone
4,"RT @jenheemstra: Vaccines usually take over 10 years to develop, test, and mass produce. But, scientists predict we could have an effective…",Alain O'Dea,12227,Newfoundland,495,2020-08-09 20:23:47,en,Twitter Web App
5,"RT @RealJamesWoods: “This drug is already on the market and the patent is up, so it’s cheap. A new drug won’t be. So big money does not wan…",Linda Liddle,581,,11799,2020-08-09 20:23:46,en,Twitter Web App
6,"RT @HollyCairnsTD: “If the disease was in the animals, they’d have closed the place. But for workers, the factories can do what they want.”…",David Wylie,51173,"Dublin,Ireland",1,2020-08-09 20:23:46,en,Twitter Web App
7,RT @KolawoleFalodun: Are these Nigerians not aware that he died of Covid 19? Same calibre of people will be scooping petrol from a petrol t…,Baby girl for life 💜,68314,"Lagos, Nigeria",1,2020-08-09 20:23:46,en,Twitter for iPhone
8,"RT @rikoamour: Masks with one-way valves or vents allow air to be exhaled through a hole in the material, which can result in expelled resp…",Andrew Hatton,9935,"Dayton, OH",9260,2020-08-09 20:23:46,en,Twitter for iPhone
9,"RT @mmpadellan: FUN FACT: New Zealand has gone 100 days without any new cases of COVID-19.

That's what happens when you have a smart, stro…",BM,6189,"Bloomington, Indiana",8203,2020-08-09 20:23:46,en,Twitter for iPad
10,RT @theyokohamalife: Pro-COVID-19 demonstrators at Shibuya Station...,R. Shibuya,16523,SP/Brazil,56,2020-08-09 20:23:46,en,Twitter for iPhone
11,"RT @IngrahamAngle: Conclusion: Lockdowns don’t work.  Sweden looks to be done with Covid-19.  Protect vulnerable and as for everyone else,…",Jon Michael Olsen,89643,"Michigan, USA",1774,2020-08-09 20:23:46,en,Twitter for iPad
12,Covid-19: only half of Britons would definitely have vaccination https://t.co/M6QDGgEbRc,mif_japan,9916,日本,0,2020-08-09 20:23:46,en,Twitter Web App
13,"RT @Dadsaysjokes: This is going to be the first year our family won't be going to Hawaii because of COVID-19.

Usually it's because we can'…",𝕿𝖍𝖊𝕻𝖎𝖓𝖐𝕻1,592,,91,2020-08-09 20:23:45,en,Twitter for Android
14,"RT @kylegriffin1: Small farmers were left behind in the Trump admin's COVID-19 relief package.

The uneven distribution of funds is stark.…",Sean King,70970,,191,2020-08-09 20:23:45,en,Twitter for iPhone
15,"RT @mmpadellan: FUN FACT: New Zealand has gone 100 days without any new cases of COVID-19.

That's what happens when you have a smart, stro…",E T,817,United States,8203,2020-08-09 20:23:45,en,Twitter for iPad
16,RT @wendyfinnandmax: Please vote for @Sage_Gateshead so the work we do with children and young people can continue &amp; adapt to new Covid-19…,Rob Kitchen,1413,North East,12,2020-08-09 20:23:45,en,Twitter for iPhone
17,RT @DrAlGrossAK: This is the shameful COVID-19 response that @SenDanSullivan endorses with his unthinking support for @realDonaldTrump. I w…,Teresa A,7377,United States,121,2020-08-09 20:23:45,en,Twitter for iPhone
18,RT @NorskLadyWolf: Remember that school in Georgia where all the kids were packed like sardines in the hallway? Well now they have an outbr…,Mr. Goss to U ♠️♥️♣️♦️,5433,So. California ,9,2020-08-09 20:23:45,en,Twitter for iPhone
19,"RT @rikoamour: Masks with one-way valves or vents allow air to be exhaled through a hole in the material, which can result in expelled resp…",avery 𓂀,439,ig @averydrayton,9260,2020-08-09 20:23:45,en,Twitter for iPhone
20,"RT @IskwewAir: It’s #InternationalDayoftheWorldsIndigenousPeoples &amp; this year we’re celebrating our resilience through COVID-19.
We're high…",Josh Giesbrecht,24787,Treaty 1,4,2020-08-09 20:23:45,en,Twitter for iPhone
21,RT @grahambsi: The Guardian view on Brexit bureaucracy: tied up in red tape. Businesses already struggling with the fallout from Covid-19 w…,Stephen Bradley Vote Tactically,27712,,1,2020-08-09 20:23:45,en,Twitter for iPhone

23,"RT @kylegriffin1: Small farmers were left behind in the Trump admin's COVID-19 relief package.

The uneven distribution of funds is stark.…",Elizabeth🌊,175524,Texas ,191,2020-08-09 20:23:45,en,Twitter for Android
24,"RT @ABCWorldNews: Senate Minority Leader Chuck Schumer described President Trump’s COVID-19 executive orders as ""faulty,"" ""unworkable,"" ""we…",Monique Gervais,32171,"Gatineau (secteur Aylmer), QC",8,2020-08-09 20:23:45,en,Twitter Web App
25,"RT @RealJamesWoods: “This drug is already on the market and the patent is up, so it’s cheap. A new drug won’t be. So big money does not wan…",barbara mccaulley,71098,,11799,2020-08-09 20:23:44,en,Twitter Web App
26,RT @tomasgf: New Zealand has gone 100 days without community transmission of COVID-19 — here's how they did it  https://t.co/t16pU4fPK9,Sikanda,100313,Buenos Aires,4,2020-08-09 20:23:44,en,Twitter for iPhone
27,RT @sallyKP: COVID-19 human trials were set to begin today in Orlando. People all over the state joined together to express their concerns…,Biff,16994,,25,2020-08-09 20:23:44,en,Twitter for iPhone
28,RT @RealJamesWoods: “1. Ongoing border controls to stop Covid-19 from entering the country.” // Very simple. New Zealand did what this Pres…,Nana Marcum,30476,Florida,2295,2020-08-09 20:23:44,en,Twitter for Android
29,"RT @PTIofficial: Today on CNN, @BillGates shared his views about COVID-19 response and stats of Pakistan &amp; India. Pakistan’s numbers are co…",qamar nawaz,15338,Pakistan ,125,2020-08-09 20:23:44,en,Twitter for Android
30,"RT @drdavidsamadi: There have been 65,756,307 COVID-19 tests conducted in the USA.

Today we hit 5,000,000 positive tests.

That’s less tha…",YOUR life matters,1513,"Chesterfield, VA ",5564,2020-08-09 20:23:44,en,Twitter for Android
31,Biden says US's 5m Covid cases 'breaks the heart' and hits out at Trump's 'lies and excuses' – live https://t.co/g3cRW3ulua,Let's be Frank: in memory of the late Frank Parker,1384,"Britain, Europe.",0,2020-08-09 20:23:43,en,Twitter Web App
32,"RT @RealJamesWoods: “This drug is already on the market and the patent is up, so it’s cheap. A new drug won’t be. So big money does not wan…",Charley❌,23922,,11799,2020-08-09 20:23:43,en,Twitter for iPhone
33,"RT @News24: https://t.co/By0KBr5HQV | Covid-19 deaths slowing, recoveries at 73% https://t.co/Cy9A0JPx3n",Africa Unite,41996,South Africa,2,2020-08-09 20:23:43,en,Twitter for Android
34,"RT @NPR: 1 out of 3 kids hospitalized for the coronavirus was admitted to the ICU, a CDC analysis finds. Hispanic children were about 8 tim…",♏️,62324,,2137,2020-08-09 20:23:43,en,Twitter for iPhone
35,"RT @cwebbonline: ⚠️Attention College Students!

There’s a trade off to campus living this Fall.

Colleges are requiring promises from stude…",Jamie Carter #GoodTrouble #BlackLivesMatter,83368,"Salt Lake City, UT",5,2020-08-09 20:23:43,en,Twitter for Android
36,"RT @mmpadellan: FUN FACT: New Zealand has gone 100 days without any new cases of COVID-19.

That's what happens when you have a smart, stro…",Colleen Vallese,2607,,8203,2020-08-09 20:23:43,en,Twitter for Android
37,"RT @News24: https://t.co/By0KBr5HQV | Covid-19 deaths slowing, recoveries at 73% https://t.co/Cy9A0JPx3n",StewyThePrince,62079,CPT x JHB,2,2020-08-09 20:23:42,en,Twitter for iPhone
38,"RT @ChrisAlbertoLaw: The New England Journal of Medicine is about to publish how New Zealand eliminated COVID-19 in 100 days.  

It appears…",Shiva,115068,Blue Tennessee,3,2020-08-09 20:23:42,en,Twitter Web App
39,"RT @drdavidsamadi: There have been 65,756,307 COVID-19 tests conducted in the USA.

Today we hit 5,000,000 positive tests.

That’s less tha…",Jesus=TRUTH🙏🇺🇸🚂🇺🇸,78249,United States,5564,2020-08-09 20:23:42,en,Twitter Web App
40,"@GregRubini Thinking time by time...
is more than a suspicious have two alternatives :
vaccine by covid-19 or an an… https://t.co/N0Cqub02w4",CARLOS ORDENES F.,25936,"EN COQUIMBO PORT, CHILE.",0,2020-08-09 20:23:42,en,Twitter for Android
41,"RT @Alyssa_Milano: 65% of COVID-19 survivors surveyed report experiencing hair loss, among other long-term effects: https://t.co/rOOwBh1XXk",DEMOcat 🇺🇸#CountryOverParty #Resist🌊🌊 🌊,91012,United States,173,2020-08-09 20:23:42,en,Twitter for Android
42,"RT @yeahunoeme: Remember this photo of unmasked GA students in a crowded hallway? 
It was taken &amp; posted by a student who was initially sus…",côm trinh #BLM,778,,45,2020-08-09 20:23:42,en,Twitter for iPhone
43,"RT @zev_dr: Covid-19 has 4 stages. Stage 1=prehospital; 2=hospital; 3=icu/respirator; 4=death. Stages 2,3,4 are avoidable.  Why is it the c…",TarrefSimon,3912,"New Orleans, LA",2751,2020-08-09 20:23:42,en,Twitter for iPad
44,"RT @LMQEDAZWE: An opportunity that lets you take control of your life.
#Covid_19 #lockdown2020 #bitcoin #onlineinvestment#makemoneyeasily #…",Luthando,1450,"Port Elizabeth, South Africa",1,2020-08-09 20:23:42,en,Twitter for Android
45,RT @TIME: TIME’s new cover: How COVID-19 changed everything about the 2020 election https://t.co/WcGbCk7j7t https://t.co/Bwq5PyKBzR,🌺🌺🌺🐠🍃🌴🌴CherylBlueWave🌴🌴🍃🐠🌺🌺🌺,30344,Florida,10646,2020-08-09 20:23:42,en,Twitter for Android
46,"@TammyAli12 @AndreaAlbion @drdavidsamadi #login ""They"" don't understand the regular 
old cold or flu or most any vi… https://t.co/sixr6nhdgX",John $ Tweddle,3926,"New Mexico, USA",0,2020-08-09 20:23:42,en,Twitter Web App
47,"RT @PTIofficial: Even Bill Gates calls out Pakistan as a COVID-19 success story. Another vindication of #SmartLockdownOfPMIK

Pakistan’s im…",محب وطن 🇵🇰,11627,,118,2020-08-09 20:23:42,en,Twitter for Android
48,"@DanaBashCNN @CNN Great job, Dana. You made Kudlow sound like the fool he is. 
https://t.co/YQ4EkRaXS3",🔊🍷😷Halli Casser-Jayne Podcast🔊🍷😷,895355,"Florida, USA",0,2020-08-09 20:23:42,en,Twitter Web App
49,"RT @adowniebrazil: The CBF cancelled today's Goias v Sao Paulo match with the players already warming up, after 10 Goias players test posit…",Wagner Barbosa🇧🇷🇨🇳🇲🇫,5333,"Belo Horizonte, Brasil",3,2020-08-09 20:23:41,en,Twitter for Android
