,Tweets,User,User_statuses_count,User_location,rt_count,tweet_date
0,RT @rmayemsinger: Donald has now officially done more to stop Tik Tok than he's done to stop Covid 19.,most likely JM,4560,,6234,2020-08-07 12:51:45
1,"RT @JoeBiden: Here’s how COVID-19 affected Arizonans under the Trump—Ducey model:

- An infection rate—still—of nearly 20%
- The fifth-high…",Rabid Badger,2246,,1305,2020-08-07 12:51:45
2,RT @ElijahSchaffer: Median age of Covid-19 death rate (78) is nearly the same as the USA life expectancy overall,Brewski 🇺🇸,4636,,890,2020-08-07 12:51:45
3,RT @patgagnon_75: Remember that time Conservatives keep promoting how great privatized healthcare is... what they mean is it's great for in…,anima_anonyma,3537,,68,2020-08-07 12:51:45
4,Vaccines as Global Public Good - Coronavirus Outbreak (COVID - 19): WHO ... https://t.co/JVchGvgFUV via @YouTube,Rosetta Ceesay,26079,Batti Village The Gambia ,0,2020-08-07 12:51:45
5,"RT @BeyondBrigade: How does a charity respond to COVID-19 when their place of work and training has to close?

Watch this incredible short…",Simon Boyle,3659,"London, England",4,2020-08-07 12:51:44
6,RT @ElijahSchaffer: Median age of Covid-19 death rate (78) is nearly the same as the USA life expectancy overall,Patricia Kavanaugh,7051,"Idaho, USA",890,2020-08-07 12:51:44
7,RT @rmayemsinger: Donald has now officially done more to stop Tik Tok than he's done to stop Covid 19.,Anthony Evans,2906,"San Jose, CA",6234,2020-08-07 12:51:44
8,COVID-19 Impact on Vaccines &amp; Drugs Market | Analysis And Opportunities - COVID-19 Impact on Vaccines &amp; Drugs Marke… https://t.co/octJoCNnc2,gajanan_s,1024,"Pune, India",0,2020-08-07 12:51:44
9,"How a $175 COVID-19 Test Led to $2,479 in Charges https://t.co/7lgoHMKj0p",adel eldin,1049,"Tampa , Florida",0,2020-08-07 12:51:44
10,"RT @BrianOngere: Earlier today, I joined interior CS Dr.Fred Matiang'i,CS Mutahi Kagwe together with other leaders in Kisii County,to asses…",Dennis Nyambane™,39248,"Nyamira, Kenya",1,2020-08-07 12:51:44
11,RT @WalterinDC: What Will Schools Do When Teachers Gets Covid-19? https://t.co/TNBSVjez23 #ASCDL2L #edchat #educhat #edreform #edadmin #edl…,EduBot,12796,Global,3,2020-08-07 12:51:44
12,RT @gatewaypundit: Ohio Governor Mike DeWine Tests Negative For Covid-19 Hours After Testing Positive For Covid-19 https://t.co/yN8qMm3pQp…,Paula Thomas,6827,Georgetown Texas,1005,2020-08-07 12:51:44
13,Covid-19 lockdown will have 'negligible' impact on climate crisis – study https://t.co/P1MyDEwT2o,J.M. Hamilton,480666,🇨🇦🇺🇸🏳️‍🌈,0,2020-08-07 12:51:44
14,RT @dougledIHE: Major research universities @johnshopkins and @UMassAmherst become latest institutions to reverse and largely shut campuses…,Elissa Nadworny,4169,Washington D.C.,10,2020-08-07 12:51:43
15,"RT @winterjonghyun: all members of shinee, super junior heecul, leeteuk and yesung are participated on shiny foundation second bazaar onlin…",🐕,134381,SHINee World,249,2020-08-07 12:51:43
16,"RT @drdavidsamadi: Turns out that @MikeDewine’s initial COVID-19 test was a false positive.

This is why the numbers are hard to rely on. T…",Maurie,23672,,875,2020-08-07 12:51:43
17,@karynmaughan You always report nonsense all the time we are busy with COVID 19 serious looting but you closed your… https://t.co/6KfXkimIvs,Mgabadeli,49,"Paarl, western cape ",0,2020-08-07 12:51:43
18,"RT @wesbury: First Trust COVID-19 Tracker, August 6, 2020 Edition https://t.co/PUpFUM0MDW",Seits,2256,305,34,2020-08-07 12:51:43
19,"RT @IrishTimes: Re-opening of schools in many EU countries has not led to Covid-19 increase, ECDE report finds https://t.co/CLx86rfIdz",promsandwich,701,,8,2020-08-07 12:51:43
20,U.S. Department of State |The Centers for Disease Control and Prevention (CDC) has issued a Level 3 Travel Health N… https://t.co/R6vLbVAQ3t,CaribWatch,7235,Caribbean,0,2020-08-07 12:51:43
21,"RT @ColMorrisDavis: Well bless their hearts, thanks to @realDonaldTrump’s incompetent handling of Covid-19, that may well be the case.  Tho…",People Are Saying,56027,"Illinois, USA",34,2020-08-07 12:51:43
22,RT @philbyo: Lawyers for detained journalist Chin'ono told the media that prison officials stopped her client from wearing his #COVID-19 pr…,Mr •|• Lewis,149261,Zaire,12,2020-08-07 12:51:43
23,"With the delay in students' return and in consideration of families' financial challenges during COVID-19, the Univ… https://t.co/6DsY88ca8m",University of Mary Washington,8011,"Fredericksburg, Virginia",0,2020-08-07 12:51:43
24,RT @revlaurelj: You know what hurts God? Immigrant detention. Ridiculous and biased prison sentences. Unbalanced scales. Profits over peopl…,FionaJLloyd,4810,,3,2020-08-07 12:51:43
25,RT @LabWaggoner: Are interferon-mediated antiviral immune responses beneficial or detrimental in COVID-19? https://t.co/9WzUTAmlLR,Grace Birch,106,Buckinghamshire,3,2020-08-07 12:51:42
26,"RT @MajorPatriot: COVID-19 is the very definition of Information Warfare.

They have weaponized the very data they fabricated to subjugate…",🇺🇲 333missytpatriot 🇺🇲,4615,,114,2020-08-07 12:51:42
27,"@realDonaldTrump you are the one that politicized the Covid 19 virus, 

you are the one who called it a hoax

we ca… https://t.co/xJePz0vpTO",𝐿𝒶𝒹𝓎𝒦𝑒𝓃𝒶𝒾 ~𝓌𝒾𝓁𝓁 𝓋𝑜𝓉𝑒 💙𝒷𝓁𝓊𝑒💙,11590,𝓐𝓵𝓪𝓼𝓴𝓪,0,2020-08-07 12:51:42
28,"RT @Mikel_Jollett: Trump would've caught covid-19 today but a testing protocol saved him from getting very sick or dying.

He understands P…",Madge,130044,Global Citizen,2910,2020-08-07 12:51:42
29,RT @rmayemsinger: Donald has now officially done more to stop Tik Tok than he's done to stop Covid 19.,N Martell,6322,"Connecticut, USA",6234,2020-08-07 12:51:42
30,RT @brat2381: @veterans_i @CampArlington @Jerri_Lynn25 @brewsandbats @clubbing_guy @WilliamLSeymour Ummm...that’s just Tyson foods. There’s…,Felix Cheng,3868,"Montréal, Québec",8,2020-08-07 12:51:42
31,"RT @SteveKrak: @FourthWatch It’s a double edition of #HowDidThisGetPublished in @FourthWatch tonight.

1. NYT misleads about press coverage…",johnny dollar,169425,USA,5,2020-08-07 12:51:41
32,"RT @careandwelfare: #COVID Cases Daily Update.

AUG-07

•5880 #COVID__19 cases reported in #TN.
•984/5880 cases from #Chennai.
•65,189 pers…",SHIVA (SS),476,"Tamil Nadu, India",2,2020-08-07 12:51:41
33,"RT @JoeBiden: Here’s how COVID-19 affected Arizonans under the Trump—Ducey model:

- An infection rate—still—of nearly 20%
- The fifth-high…",Top Cat,142891,NYC,1305,2020-08-07 12:51:41
34,"RT @PBNS_India: Union Minister @mansukhmandviya launches the online exit examination system for seafarers.

Seafarers can now appear in exi…",ರವಿಕಾಂತ್🇮🇳,11701,India ,1,2020-08-07 12:51:41
35,"“No one has told me officially that he had COVID, but I do know he was self-quarantining this week. I’m not exactly… https://t.co/MGfCu5c6O8",Scott Alves Barton,48091,New York/Brazil,0,2020-08-07 12:51:41
36,Friday Feelings #moody #Covid_19 https://t.co/Rm6NUF8ibL,John Klimt,14,CDMX / L.A / PRAGUE ,0,2020-08-07 12:51:41
37,@BusterHeman @drdavidsamadi @realDonaldTrump How many of these deaths were truly covid-19 deaths? Are these #'s get… https://t.co/pbkpFNvuyR,🇺🇸 Street Smart Joe 🇺🇸,2562,"Maryland, USA",0,2020-08-07 12:51:41
38,RT @MikeDeWine: I tested negative in second test that I took today for COVID-19. First Lady Fran DeWine and staff members have also all tes…,Rebecca Ann Zurava,2152,"Silver Lake, Ohio",996,2020-08-07 12:51:40
39,"RT @MLevitt_NP2013: Not wanting to corrupt anyone, let me say that alcohol consumption is as risky as eating sweet food and not exercising,…",Chris Haynes,21488,,195,2020-08-07 12:51:40
40,RT @SecWilkie: New data shows Veterans’ increased use of online VA health care tools during COVID-19 pandemic. Read more. https://t.co/q63h…,Maria Appleby,109032,"Champaign, IL, USA",12,2020-08-07 12:51:40
41,Well balanced views from our Multi Asset Team on how economies continued to open and navigate the effects of COVID-… https://t.co/IxtrVFAvEd,Mehdi Kadhim,155,"London, England",0,2020-08-07 12:51:40
42,@jennnyyx3_ Give me 3 seconds give RT and help a family to cope with this crisis of the covid 19 The quarantine I f… https://t.co/zGLOqVOWx6,treex,13116,"Madrid, Comunidad de Madrid",0,2020-08-07 12:51:40
43,Sorting and photographing our craft fayre items today. It looks like we willn't be able to attend any fayre's this… https://t.co/VqWjTS33Ep,Thereza,4609,,0,2020-08-07 12:51:40
44,Silence deafening from @spfl  on the AFC covid 19 fiasco . Didn’t take to long to tell us they were delighted about… https://t.co/KeNmg5gN8P,Rab Dryden,5378,"Edinburgh, Scotland",0,2020-08-07 12:51:40
45,"RT @TonyMcKelvie: 43 new Covid-19 cases reported in Scotland today, of which 27 are in the Grampian health board area.
A further 22 new cas…",MalkyC,143172,,2,2020-08-07 12:51:40
46,"RT @advocate_alakh: “The best recourse at this stage can be to wait for some more time, let COVID-19 crisis subside &amp; then only conduct the…",GGK,764,,25,2020-08-07 12:51:39
47,RT @drdavidsamadi: I would like to call on Twitter to very clearly release to the public exactly what information can be posted &amp; cannot be…,ProudArmyVet,1661,United States,4146,2020-08-07 12:51:39
48,"RT @Gastro_o: You've been through worse, this is why you easily defeated covid-19. Small waters",M.J,168186,South Africa,15,2020-08-07 12:51:39
49,Someone should tell him that covid-19 called him fat or something or that teenagers love it or something that just… https://t.co/N3Ip4EqIic,Mary Jane Blank,11938,,0,2020-08-07 12:51:39
50,Covid 19 Washable Mouth Mask With Valve Kids Children Anti Haze Dust Mask Nose Filter Face Muffle Bacteria Flu Resp… https://t.co/NzD0vTSpPh,AlaaExpress,37690,united,0,2020-08-07 12:51:39
51,"""Young Australians avoid COVID-19 news so traditional health messaging doesn't work"" https://t.co/L4Svg2Mlwm",Askgerbil Now,139384,Canberra - Australia,0,2020-08-07 12:51:39
52,RT @CBSNews: Texas wife blames Trump and Gov. Abbott for husband's COVID-19 death in viral obituary https://t.co/mkb8JhbAXl,Miss Monica,203,MI ➡️ AZ,426,2020-08-07 12:51:39
53,RT @MobilePunch: COVID-19: Daystar Christian Centre won’t reopen – Sam Adeyemi https://t.co/QdCQuymVYo,Damolá Olarewaju 💢,60848,"Lagos, USA. ",11,2020-08-07 12:51:39
54,"RT @JoeBiden: Here’s how COVID-19 affected Arizonans under the Trump—Ducey model:

- An infection rate—still—of nearly 20%
- The fifth-high…",Dakians Dilemma,15680,Third rock from our sun,1305,2020-08-07 12:51:39
55,"RT @ACLU: The 10 biggest COVID-19 hotspots are in prisons.

A prison sentence should not be a death sentence. We need more action to releas…",Mary Morken 🌻⛰️🔥💨💦🌻,86214,in New York,192,2020-08-07 12:51:38
56,"RT @TuThanhHa: ICYMI, 72-year-old Canadian, a former doctor from Toronto, had finished serving a prison sentence in the US for prescription…",Susan McKenzie,13489,Montreal,2,2020-08-07 12:51:38
57,RT @rmayemsinger: Donald has now officially done more to stop Tik Tok than he's done to stop Covid 19.,dink dink,15046,99th Precinct,6234,2020-08-07 12:51:38
58,RT @CEOofWs: COVID 19 is fucking pog. I’ve just failed an exam I didn’t even fucking take,indo(is actually cob),2663,"I think im 17, but I act 12 yo",2,2020-08-07 12:51:38
59,RT @rmayemsinger: Donald has now officially done more to stop Tik Tok than he's done to stop Covid 19.,Julio de Leon,1653,,6234,2020-08-07 12:51:38
60,RT @rmayemsinger: Donald has now officially done more to stop Tik Tok than he's done to stop Covid 19.,Daniel,22922,Hamburg,6234,2020-08-07 12:51:38
61,RT @latimes: Children with disabilities are regressing. How much is distance learning to blame? https://t.co/LukXkX1EPb,Col. Gustavo Arellano,308172,"Anacrime,OC,Zacatecas",5,2020-08-07 12:51:37
62,"@RetailProphet @vsfinn Very apt observations @RetailProphet.

I will use this line:
""Covid-19 is the commercial equ… https://t.co/LEaCylrvXy",Mayank Pal,80,"Indore, India",0,2020-08-07 12:51:37
63,"RT @Ian56789: Evidence is vastly increased when both the use &amp; non-use of a particular method is shown.

Panama stupidly banned using Hydro…",Extranjero,32318,,45,2020-08-07 12:51:37
64,"RT @GeorgiaLogCabin: #Poll: When will the press lose interest in corona virus case counts? Vote &amp; retweet, reply with others!
#coronavirus…",Georgia Log Cabin,74033,"Georgia, USA",52,2020-08-07 12:51:37
65,RT @rmayemsinger: Donald has now officially done more to stop Tik Tok than he's done to stop Covid 19.,Loves USA,121757,"Boise, ID",6234,2020-08-07 12:51:37
66,"Gold, Silver Futures Turn Flat, Still Near Record Highs Amid Rising COVID-19 Cases https://t.co/TIUENwoKE7",Gold Newspaper,35836,,0,2020-08-07 12:51:37
67,"RT @PTI_News: Delhi records 1,192 fresh COVID-19 cases, taking tally to 1,42,723; death toll mounts to 4,082 with 23 more fatalities report…",Political_funda,12673,,2,2020-08-07 12:51:37
68,"RT @johnallannamu: The question is no longer ""Did we know?"" e.g . did we know that... COVID-19 funds would be stolen?""/ MPs will make Kenya…",ismail Jama,8902,"Nairobi, Kenya",1554,2020-08-07 12:51:37
69,RT @drdavidsamadi: I would like to call on Twitter to very clearly release to the public exactly what information can be posted &amp; cannot be…,Shellie Watson,567,,4146,2020-08-07 12:51:37
70,RT @MikeDeWine: I tested negative in second test that I took today for COVID-19. First Lady Fran DeWine and staff members have also all tes…,susan ostrowski,16007,"Maryland, USA",996,2020-08-07 12:51:37
71,RT @TIME: TIME’s new cover: How COVID-19 changed everything about the 2020 election https://t.co/WcGbCk7j7t https://t.co/Bwq5PyKBzR,Juan Carlos Toscano,9256,México,8356,2020-08-07 12:51:36
72,RT @drdavidsamadi: I would like to call on Twitter to very clearly release to the public exactly what information can be posted &amp; cannot be…,John Erik Anderson 🇺🇸,15646,,4146,2020-08-07 12:51:36
73,"RT @zhaoguixian: Leeteuk, Heechul &amp; Yesung will participate in Shiny Foundation 2020 Online Bazaar.
Profits from the auction of artists’ be…",Nad,47208,At Gwanghwamun,9,2020-08-07 12:51:36
74,RT @rmayemsinger: Donald has now officially done more to stop Tik Tok than he's done to stop Covid 19.,BAPen,17346,USA,6234,2020-08-07 12:51:36
75,"RT @advocate_alakh: Plea filed through advocate Alakh Alok Srivastava says

“Conducting said examination across India at such perilous time…",Mayank Kumar,161,,282,2020-08-07 12:51:36
76,RT @zev_dr: Give HCQ EUA for stage 1 covid and give Remdesivir EUA for stage 2 covid. Early treatment of covid-19 is the key to prevent hos…,Danny en protesta,9343,Peru,3,2020-08-07 12:51:36
77,"RT @careandwelfare: #COVID Cases Daily Update.

AUG-07

•5880 #COVID__19 cases reported in #TN.
•984/5880 cases from #Chennai.
•65,189 pers…",megalai,129,"Chennai, India",2,2020-08-07 12:51:36
78,"RT @Sabrina67408695: Another crisis looms on the horizon and could be worse than Covid-19, says Bill Gates

Seriously 🙄🙄🙄🙄 https://t.co/AdX…",Dave Hicks,161442,"San Diego, CA",6,2020-08-07 12:51:36
79,"RT @CREWcrew: As Trump’s hospitality empire grapples with the fallout of COVID-19, it also faces a series of maturing debts, loans amountin…",WomenRisingStrong,25313,,398,2020-08-07 12:51:35
